id,rep,treatment,_count,_sum,_mean,_stdev,_min,_max
"1","1",N Rich Strip,72203,41382.7794468403,0.573144875515426,0.0178924208197647,0.474165141582489,0.624146997928619
"2","1",Field Rate,58748,32702.1393176913,0.556651108423969,0.0163386568412494,0.467849880456924,0.618615925312042
"3","2",N Rich Strip,55460,31961.2830870748,0.576294321800843,0.0198192461499509,0.484652727842331,0.630118429660797
"4","2",Field Rate,52958,29022.1535454392,0.548022084395922,0.0211965838859394,0.449132412672043,0.612670421600342
"5","3",N Rich Strip,55335,30444.5856327116,0.55018678291699,0.0160200540812746,0.45290869474411,0.597862362861633
"6","3",Field Rate,65254,36763.5290710032,0.563391195497643,0.021087315564141,0.41933935880661,0.6136554479599
